{"options":{"check_for_updates":true,"comment":null,"compatopts_for_requires":true,"compat_wrappedjsobject":false,"compat_metadata":false,"compat_foreach":false,"compat_powerful_this":null,"sandbox":null,"noframes":null,"unwrap":null,"run_at":null,"tab_types":null,"override":{"merge_connects":true,"merge_excludes":true,"merge_includes":true,"merge_matches":true,"orig_connects":[],"orig_excludes":[],"orig_includes":[],"orig_matches":["*://www.bilibili.com/video/av*","*://www.bilibili.com/video/BV*","*://www.bilibili.com/list/*","*://www.bilibili.com/bangumi/play/ep*","*://www.bilibili.com/bangumi/play/ss*","*://www.bilibili.com/cheese/play/ep*","*://www.bilibili.com/cheese/play/ss*","https://www.mcbbs.net/template/mcbbs/image/special_photo_bg.png*"],"orig_noframes":null,"orig_run_at":"document-idle","use_blockers":[],"use_connects":[],"use_excludes":[],"use_includes":[],"use_matches":[]}},"settings":{"enabled":true,"position":5},"meta":{"name":"bilibili视频下载","uuid":"c2f1ddc8-4dad-4f84-a1ee-b81e38db719e","modified":1680883220049,"file_url":"https://greasyfork.org/scripts/413228-bilibili%E8%A7%86%E9%A2%91%E4%B8%8B%E8%BD%BD/code/bilibili%E8%A7%86%E9%A2%91%E4%B8%8B%E8%BD%BD.user.js"}}