{"ts":1678291286838,"data":{"115_search_var":"sMOGI-061|MOGI061|MOGI00061|MOGI-0061","avsox_url":"savsox.click","btdig_url":"swww.btdig.com","btsow_url":"sbtsow.beauty","javOldDriver_version":"s3.8.3","javbus_url":"swww.javbus.com","javdb_url":"sjavdb007.com","javlib_url":"swww.javlibrary.com","myBrowseJavidArray":"s[\"MIZD-314\",\"NNPJ-544\",\"DLDSS-194\",\"MOGI-061\"]","nyaa_url":"ssukebei.nyaa.si","quark_search_var":"sMOGI-061|MOGI 061|MOGI00061|MOGI-0061","search_index":"sjavdb007.com","torrentkitty_url":"swww.torrentkitty.live","www.javlibrary.com_saveMovieNum":"n1"}}