{"options":{"check_for_updates":true,"comment":null,"compat_foreach":false,"compat_metadata":false,"compat_powerful_this":null,"compat_wrappedjsobject":false,"compatopts_for_requires":true,"noframes":null,"override":{"merge_connects":true,"merge_excludes":true,"merge_includes":true,"merge_matches":true,"orig_connects":["localhost","127.0.0.1","yyxxs.cn","softxm.cn","softxm.vip","softxm001.club","softxm002.club","softxm003.club","softxm004.club","softxm005.club","softxm006.club","softxm007.club","softxm008.club","softxm009.club","baidu.com"],"orig_excludes":[],"orig_includes":[],"orig_matches":["*://pan.baidu.com/*","*://yun.baidu.com/*"],"orig_noframes":null,"orig_run_at":"document-idle","use_blockers":[],"use_connects":[],"use_excludes":[],"use_includes":[],"use_matches":[]},"run_at":null,"sandbox":null,"tab_types":null,"unwrap":null},"settings":{"enabled":true,"position":4},"meta":{"name":"百度网盘简易下载助手（直链下载复活版）","uuid":"47226c2b-b4c4-49f7-969a-223a3766413f","modified":1677937832566,"file_url":"https://greasyfork.org/scripts/418182-%E7%99%BE%E5%BA%A6%E7%BD%91%E7%9B%98%E7%AE%80%E6%98%93%E4%B8%8B%E8%BD%BD%E5%8A%A9%E6%89%8B-%E7%9B%B4%E9%93%BE%E4%B8%8B%E8%BD%BD%E5%A4%8D%E6%B4%BB%E7%89%88/code/%E7%99%BE%E5%BA%A6%E7%BD%91%E7%9B%98%E7%AE%80%E6%98%93%E4%B8%8B%E8%BD%BD%E5%8A%A9%E6%89%8B%EF%BC%88%E7%9B%B4%E9%93%BE%E4%B8%8B%E8%BD%BD%E5%A4%8D%E6%B4%BB%E7%89%88%EF%BC%89.user.js"}}