{"options":{"check_for_updates":true,"comment":null,"compat_foreach":false,"compat_metadata":false,"compat_powerful_this":null,"compat_wrappedjsobject":false,"compatopts_for_requires":true,"noframes":null,"override":{"merge_connects":true,"merge_excludes":true,"merge_includes":true,"merge_matches":true,"orig_connects":[],"orig_excludes":[],"orig_includes":["https://download.csdn.net/*","/https?://blog.csdn.net/[^/]+/article/details/.*/","/https?://lib.csdn.net/article/.*/"],"orig_matches":[],"orig_noframes":null,"orig_run_at":"document-body","use_blockers":[],"use_connects":[],"use_excludes":[],"use_includes":[],"use_matches":[]},"run_at":null,"sandbox":null,"tab_types":null,"unwrap":null},"settings":{"enabled":true,"position":5},"meta":{"name":"AC-CSDN自动展开-CSDN自动评论-去广告","uuid":"132062db-2991-4b9e-bad9-84a65cad9245","modified":1675786016994,"file_url":"https://greasyfork.org/scripts/13468-ac-csdn%E8%87%AA%E5%8A%A8%E5%B1%95%E5%BC%80-csdn%E8%87%AA%E5%8A%A8%E8%AF%84%E8%AE%BA-%E5%8E%BB%E5%B9%BF%E5%91%8A/code/AC-CSDN%E8%87%AA%E5%8A%A8%E5%B1%95%E5%BC%80-CSDN%E8%87%AA%E5%8A%A8%E8%AF%84%E8%AE%BA-%E5%8E%BB%E5%B9%BF%E5%91%8A.user.js"}}