{"ts":1693238158721,"data":{"115_search_var":"sPAIS-048|PAIS048|PAIS00048|PAIS-0048","avsox_url":"savsox.click","btdig_url":"swww.btdig.com","btsow_url":"sbtsow.beauty","javOldDriver_version":"s3.8.3","javbus_url":"swww.javbus.com","javdb_url":"sjavdb007.com","javlib_url":"swww.javlibrary.com","myBrowseJavidArray":"s[\"MIZD-314\",\"NNPJ-544\",\"DLDSS-194\",\"MOGI-061\",\"HZGD-253\",\"SSIS-821\",\"YSN-605\",\"PPPE-134\",\"YSN-606\",\"OFKU-216\",\"DASS-167\",\"DVDMS-999\",\"PPPE-040\",\"OAE-233\",\"PAIS-048\"]","nyaa_url":"ssukebei.nyaa.si","quark_search_var":"sPAIS-048|PAIS 048|PAIS00048|PAIS-0048","search_index":"sjavdb007.com","temp_img_url_OAE-233":"s","temp_img_url_OFKU-216":"s","torrentkitty_url":"swww.torrentkitty.live","www.javlibrary.com_saveMovieNum":"n0"}}