{"options":{"check_for_updates":true,"comment":null,"compat_foreach":false,"compat_metadata":false,"compat_powerful_this":null,"compat_wrappedjsobject":false,"compatopts_for_requires":true,"noframes":null,"override":{"merge_connects":true,"merge_excludes":true,"merge_includes":true,"merge_matches":true,"orig_connects":["*"],"orig_excludes":[],"orig_includes":["*://*javlibrary.com/*","*://*javlib.com/*","*://*.y62x.com/*","*://*javbus.com/*","*://www.*bus*/*","*://www.*javsee*/*","*://www.*seejav*/*","*://*onejav.com/*","*://*avsox.*/*","*://*jav321.com/video/*","*://*javdb*.com/*","*://*javstore.*/*","*://*avmoo.*/*","://tellme.pw/avmoo","*://115.com/*","*://*.quark.cn/list*","*://www.*dmm*/*"],"orig_matches":[],"orig_noframes":null,"orig_run_at":"document-idle","use_blockers":[],"use_connects":["*"],"use_excludes":[],"use_includes":[],"use_matches":[]},"run_at":null,"sandbox":null,"tab_types":null,"unwrap":null},"settings":{"enabled":true,"position":10},"meta":{"name":"JAV老司机","uuid":"66a3909c-9e48-44f7-a8cf-64bc4c5a0356","modified":1675790280409,"file_url":"https://sleazyfork.org/scripts/25781-jav%E8%80%81%E5%8F%B8%E6%9C%BA/code/JAV%E8%80%81%E5%8F%B8%E6%9C%BA.user.js"}}