{"options":{"check_for_updates":true,"comment":null,"compat_foreach":false,"compat_metadata":false,"compat_powerful_this":null,"compat_wrappedjsobject":false,"compatopts_for_requires":true,"noframes":null,"override":{"merge_connects":true,"merge_excludes":true,"merge_includes":true,"merge_matches":true,"orig_connects":[],"orig_excludes":[],"orig_includes":[],"orig_matches":["https://wallhaven.cc/*"],"orig_noframes":null,"orig_run_at":"document-end","use_blockers":[],"use_connects":[],"use_excludes":[],"use_includes":[],"use_matches":[]},"run_at":null,"sandbox":null,"tab_types":null,"unwrap":null},"settings":{"enabled":true,"position":9},"meta":{"name":"Wallhaven 壁纸一键下载","uuid":"845f09fe-2411-403f-8308-14d3f05098d3","modified":1682867021132,"file_url":"https://greasyfork.org/scripts/447172-wallhaven-%E5%A3%81%E7%BA%B8%E4%B8%80%E9%94%AE%E4%B8%8B%E8%BD%BD/code/Wallhaven%20%E5%A3%81%E7%BA%B8%E4%B8%80%E9%94%AE%E4%B8%8B%E8%BD%BD.user.js"}}