{"options":{"check_for_updates":true,"comment":null,"compatopts_for_requires":true,"compat_wrappedjsobject":false,"compat_metadata":false,"compat_foreach":false,"compat_powerful_this":null,"sandbox":"DOM","noframes":null,"unwrap":null,"run_at":null,"tab_types":null,"override":{"use_includes":[],"orig_includes":["*"],"merge_includes":true,"use_matches":[],"orig_matches":["*://*/*"],"merge_matches":true,"use_excludes":[],"orig_excludes":[],"merge_excludes":true,"use_connects":[],"orig_connects":["translate.googleapis.com","api-edge.cognitive.microsofttranslator.com","edge.microsoft.com","transmart.qq.com","tmt.tencentcloudapi.com","www2.deepl.com","w.deepl.com","immersive-translate.owenyoung.com","chat.openai.com","bing.com","www.bing.com","open.volcengineapi.com","fanyi.baidu.com","api.fanyi.baidu.com","api.interpreter.caiyunai.com","api-free.deepl.com","api.deepl.com","api.openl.club","openapi.youdao.com","translate.volcengine.com","api.niutrans.com","immersivetranslate.com","api.immersivetranslate.com","immersive-translate.deno.dev","www.googleapis.com","www.google-analytics.com","api.papago-chrome.com","api.openai.com","api.interpreter.caiyunai.com","api.cognitive.microsofttranslator.com","aidemo.youdao.com","localhost"],"merge_connects":true,"use_blockers":[],"orig_run_at":"document-end","orig_noframes":null}},"settings":{"enabled":false,"position":13},"meta":{"name":"Immersive Translate","uuid":"e79a9eaa-14b8-484d-b6f8-d52a1775d7e3","modified":1695306484487,"file_url":"https://greasyfork.org/scripts/457196-immersive-translate/code/Immersive%20Translate.user.js"}}