{"ts":1695668754525,"data":{"qianqian_storageName_last_code":"s4849","qianqian_storageName_last_jsonRpc":"shttp://localhost:6800/jsonrpc","qianqian_storageName_last_mine":"s","qianqian_storageName_last_savePath":"sD:\\__easyHelper__","qianqian_storageName_last_token":"s","softxm_storageName_common_start":"n1676711033249","softxm_storageName_last_code":"s3180","softxm_storageName_last_jsonRpc":"shttp://localhost:6800/jsonrpc","softxm_storageName_last_mine":"s","softxm_storageName_last_savePath":"sD:\\__easyHelper__","softxm_storageName_last_token":"s"}}